{
  "project_info": {
    "project_number": "1057460272200",
    "project_id": "imagetotext-235fd",
    "storage_bucket": "imagetotext-235fd.appspot.com"
  },
  "client": [
    {
      "client_info": {
        "mobilesdk_app_id": "1:1057460272200:android:607bde213061f55e05ac7d",
        "android_client_info": {
          "package_name": "com.example.imagetotext"
        }
      },
      "oauth_client": [
        {
          "client_id": "1057460272200-rbto64fcrqed0p70pihk75o17qprno38.apps.googleusercontent.com",
          "client_type": 1,
          "android_info": {
            "package_name": "com.example.imagetotext",
            "certificate_hash": "b68f44d7c7eea1072e07d11bf28ce64abf9245c1"
          }
        },
        {
          "client_id": "1057460272200-nm509cqbsdfto47nuadhu2tvc3sf2e1m.apps.googleusercontent.com",
          "client_type": 3
        }
      ],
      "api_key": [
        {
          "current_key": "AIzaSyDlRqeYd28BeFm9tpE41s3Tv1GBC-C_9ko"
        }
      ],
      "services": {
        "appinvite_service": {
          "other_platform_oauth_client": [
            {
              "client_id": "1057460272200-nm509cqbsdfto47nuadhu2tvc3sf2e1m.apps.googleusercontent.com",
              "client_type": 3
            }
          ]
        }
      }
    }
  ],
  "configuration_version": "1"
}